epoch,time,train/box_loss,train/cls_loss,train/dfl_loss,metrics/precision(B),metrics/recall(B),metrics/mAP50(B),metrics/mAP50-95(B),val/box_loss,val/cls_loss,val/dfl_loss,lr/pg0,lr/pg1,lr/pg2
1,28.5491,1.79519,8.41595,1.06974,0,0,0,0,1.60245,5.94073,0.91139,1.78095e-05,1.78095e-05,1.78095e-05
2,55.0644,1.65581,7.76991,0.92716,0,0,0,0,1.54282,5.88592,0.88595,2.42157e-05,2.42157e-05,2.42157e-05
3,80.3755,1.72599,7.6493,0.9139,0.00565,0.00028,0.00297,0.00267,1.57184,5.77073,0.88179,1.85219e-05,1.85219e-05,1.85219e-05
